{
  "dataset_rows": 40432,
  "train_size": 28318,
  "validation_size": 6049,
  "test_size": 6065,
  "validation_accuracy": 0.9296,
  "validation_f1": 0.9299,
  "validation_auc": 0.9798,
  "test_accuracy": 0.9355,
  "test_f1": 0.935,
  "test_auc": 0.9834,
  "classification_report": {
    "Original / Genuine": {
      "precision": 0.9291747888239116,
      "recall": 0.9429607649192219,
      "f1-score": 0.9360170184912453,
      "support": 3033.0
    },
    "Computer-Generated / Fake": {
      "precision": 0.9420823568798126,
      "recall": 0.9281002638522428,
      "f1-score": 0.9350390430304037,
      "support": 3032.0
    },
    "accuracy": 0.9355317394888706,
    "macro avg": {
      "precision": 0.9356285728518621,
      "recall": 0.9355305143857323,
      "f1-score": 0.9355280307608245,
      "support": 6065.0
    },
    "weighted avg": {
      "precision": 0.935627508748972,
      "recall": 0.9355317394888706,
      "f1-score": 0.9355281113853472,
      "support": 6065.0
    }
  }
}